dataset_index,y_true,y_pred,prediction_correcte,probabilite_classe_0,probabilite_classe_1,probabilite_classe_2
293,1,1,True,0.06428352,0.8822836,0.05343286
1756,0,1,False,0.28658798,0.64844996,0.06496204
626,1,1,True,0.1182845,0.86433524,0.017380275
2282,1,1,True,0.35501066,0.59563166,0.04935765
1793,1,0,False,0.56903,0.12739806,0.3035719
839,1,1,True,0.34002647,0.44600242,0.2139711
352,1,1,True,0.097532675,0.8096488,0.0928185
1026,0,1,False,0.31399712,0.64882505,0.03717784
1057,0,0,True,0.82427657,0.1462394,0.029484062
515,1,1,True,0.36951792,0.60730475,0.023177369
548,2,1,False,0.20071644,0.7237497,0.07553388
1186,1,1,True,0.41434038,0.50168604,0.08397358
1210,1,1,True,0.052780557,0.93322974,0.013989744
481,0,0,True,0.936555,0.04770182,0.015743148
1537,2,2,True,0.02046524,0.472066,0.5074688
1892,2,2,True,0.013850871,0.18170924,0.80443984
2267,1,2,False,0.10390485,0.26022363,0.6358715
416,0,0,True,0.94435424,0.04423756,0.01140823
241,1,1,True,0.00995767,0.8585961,0.13144621
1817,1,1,True,0.25449738,0.7259272,0.019575449
1295,1,0,False,0.48828354,0.35670695,0.15500951
443,0,0,True,0.95782834,0.02515678,0.017014878
1927,0,0,True,0.9428695,0.044389397,0.012741137
572,0,0,True,0.98793703,0.01126753,0.0007953721
524,1,1,True,0.22977771,0.75674665,0.013475654
1523,2,2,True,0.010228831,0.17891227,0.8108589
292,1,0,False,0.8013449,0.1464219,0.052233197
885,1,1,True,0.065250486,0.8009985,0.13375099
1850,2,1,False,0.4455515,0.4794811,0.07496736
1702,0,1,False,0.2971666,0.6895732,0.01326018
1539,0,2,False,0.15815865,0.3680368,0.47380453
2047,0,0,True,0.85496396,0.12902991,0.016006162
1952,1,1,True,0.008492262,0.9617068,0.029800883
1565,1,1,True,0.11225304,0.8030542,0.08469271
87,0,0,True,0.8033507,0.1803646,0.016284704
1953,1,1,True,0.24798399,0.6140499,0.13796616
1267,0,0,True,0.41839367,0.19954966,0.38205665
1412,1,1,True,0.30801484,0.6871968,0.004788331
48,0,0,True,0.724771,0.26233593,0.012893003
473,2,1,False,0.053360626,0.85507053,0.09156882
327,2,2,True,0.14662732,0.29129484,0.5620778
571,1,1,True,0.12977125,0.7798768,0.09035189
1220,0,0,True,0.9610153,0.028347408,0.010637326
2173,0,1,False,0.44447622,0.5278356,0.02768817
1629,2,2,True,0.011398717,0.056066535,0.93253475
650,0,0,True,0.8389405,0.13053274,0.03052675
940,1,2,False,0.2551167,0.28762951,0.45725378
2291,0,0,True,0.9061747,0.077726535,0.016098714
1964,1,0,False,0.46090862,0.29303893,0.2460524
2470,0,0,True,0.6705637,0.22327104,0.1061653
2474,1,1,True,0.21572994,0.7255211,0.05874902
778,2,1,False,0.34037456,0.391954,0.2676714
752,1,1,True,0.073528,0.8079504,0.11852158
1347,0,0,True,0.7332663,0.19765502,0.06907871
1931,1,2,False,0.029919084,0.35426727,0.6158137
2177,0,1,False,0.22700077,0.6011503,0.17184894
14,1,1,True,0.033663623,0.741985,0.22435136
1798,0,1,False,0.07194127,0.56750983,0.36054888
1951,1,1,True,0.42917645,0.49917287,0.07165071
2427,0,0,True,0.9295216,0.040706012,0.029772444
831,1,1,True,0.30729544,0.45612055,0.23658395
1930,0,0,True,0.9275588,0.05450618,0.01793507
134,0,0,True,0.88336724,0.10634113,0.010291599
1995,1,2,False,0.27965912,0.25152785,0.46881306
0,1,1,True,0.013169677,0.73347884,0.2533515
1489,0,0,True,0.96820116,0.022038523,0.009760382
4,0,1,False,0.04899673,0.9104112,0.040592056
145,0,0,True,0.85837257,0.1045709,0.037056573
2133,1,2,False,0.268384,0.35135886,0.38025707
2093,1,1,True,0.057538737,0.85155356,0.09090772
105,1,2,False,0.030027501,0.41186997,0.55810255
1948,0,0,True,0.9360606,0.02088964,0.04304979
616,0,0,True,0.8294796,0.123726144,0.046794336
318,0,0,True,0.50874585,0.38308445,0.108169675
1728,0,0,True,0.97634625,0.016606228,0.0070474707
1092,1,1,True,0.058760997,0.89092994,0.05030908
1768,1,1,True,0.01537568,0.54985046,0.43477386
2233,0,0,True,0.8038908,0.09429193,0.10181722
1780,0,0,True,0.936473,0.023794293,0.039732635
715,0,0,True,0.9136822,0.050128467,0.036189254
368,2,2,True,0.040939666,0.41922495,0.53983533
1261,2,2,True,0.0026044073,0.019389033,0.9780066
1656,2,2,True,0.19082049,0.31860313,0.49057633
2064,0,0,True,0.5405391,0.38636962,0.07309132
1529,0,0,True,0.7675196,0.20591417,0.02656622
983,0,0,True,0.8426153,0.1259395,0.03144514
1980,2,2,True,0.19268224,0.3553142,0.4520036
1694,1,2,False,0.31989068,0.25735757,0.42275178
79,2,1,False,0.09801376,0.7323725,0.16961375
1690,2,0,False,0.80006224,0.05125697,0.14868075
2077,1,2,False,0.032981236,0.37220684,0.594812
1556,1,1,True,0.16625917,0.5784885,0.2552523
892,1,2,False,0.0522871,0.24440148,0.70331144
199,1,1,True,0.061301615,0.76473534,0.1739631
825,2,1,False,0.006629346,0.9245199,0.068850815
678,2,2,True,0.028046288,0.26451004,0.7074437
1235,1,0,False,0.5427737,0.2911094,0.16611686
328,1,1,True,0.043032374,0.8555451,0.101422526
246,1,1,True,0.016050138,0.9198405,0.064109296
2117,2,1,False,0.054321356,0.68293196,0.26274672
1922,0,2,False,0.29233167,0.2077182,0.49995017
791,1,1,True,0.30675617,0.656087,0.03715685
1308,0,2,False,0.013779722,0.2728098,0.7134105
2462,1,0,False,0.42300284,0.32727346,0.24972367
707,1,1,True,0.15144038,0.7186403,0.12991932
1463,1,2,False,0.21928029,0.37848112,0.40223864
2210,1,1,True,0.15652628,0.67864203,0.16483167
764,1,0,False,0.8436474,0.1124808,0.04387179
125,0,0,True,0.91698396,0.07140983,0.01160621
1513,2,2,True,0.0077026794,0.28802627,0.704271
1377,1,1,True,0.047179535,0.89903176,0.053788714
488,1,1,True,0.086211845,0.894686,0.019102156
83,0,0,True,0.93661976,0.053581577,0.00979863
658,2,2,True,0.06636221,0.2544435,0.67919433
911,0,0,True,0.92894816,0.06521495,0.005836882
1918,0,0,True,0.9348086,0.044033166,0.021158164
1048,1,0,False,0.833156,0.12848473,0.038359255
1107,1,1,True,0.042381026,0.84307027,0.11454874
1701,2,1,False,0.08741725,0.6501463,0.2624364
1022,0,1,False,0.07785281,0.87096494,0.051182307
2011,1,1,True,0.08868205,0.84648025,0.0648377
27,1,1,True,0.14820552,0.50454414,0.34725037
773,2,2,True,0.0007615725,0.0056777718,0.9935607
557,1,1,True,0.23586956,0.7299486,0.034181867
2461,1,1,True,0.17453025,0.7911856,0.03428414
1575,2,1,False,0.11311601,0.5474386,0.33944532
1506,0,0,True,0.8064422,0.17604399,0.017513813
1746,2,0,False,0.58072215,0.33111203,0.088165835
446,2,2,True,0.0051401528,0.042481106,0.95237875
1040,0,0,True,0.95316553,0.027273396,0.019561017
1963,0,0,True,0.5705071,0.18515949,0.24433343
2435,0,1,False,0.43451792,0.49871305,0.066769026
1444,0,0,True,0.94137555,0.04365913,0.014965297
313,0,0,True,0.83925444,0.11999497,0.04075063
333,1,1,True,0.0129346335,0.7812469,0.20581846
1131,1,1,True,0.08503867,0.83083767,0.084123656
1215,0,0,True,0.7448022,0.23668373,0.018514069
1714,0,1,False,0.3280686,0.62602466,0.04590671
350,1,0,False,0.4546673,0.42946148,0.11587123
1914,1,1,True,0.20819375,0.6810174,0.110788874
1582,1,1,True,0.35070422,0.53237635,0.11691946
455,2,2,True,0.083627805,0.45716134,0.4592108
729,1,1,True,0.015107094,0.9720972,0.01279564
661,1,1,True,0.08221935,0.86585325,0.05192744
1511,0,2,False,0.22183588,0.26061243,0.5175517
2058,0,0,True,0.8092774,0.030442936,0.16027963
484,0,0,True,0.57811695,0.39404204,0.027841011
1458,1,1,True,0.4791917,0.51517063,0.005637669
1636,1,1,True,0.12492428,0.64966375,0.22541197
695,1,1,True,0.060453862,0.8773884,0.062157765
1837,0,1,False,0.24392483,0.74744725,0.008627932
1184,1,1,True,0.032581855,0.87664205,0.09077609
1528,1,1,True,0.08360543,0.8665327,0.049861964
1715,0,0,True,0.9515919,0.029224502,0.019183552
2072,1,1,True,0.03582639,0.7773016,0.18687199
1502,0,0,True,0.80712557,0.1752331,0.017641276
1232,0,0,True,0.4923126,0.4774167,0.030270683
45,0,0,True,0.78795916,0.1626479,0.04939295
417,1,1,True,0.02133063,0.9197739,0.05889555
1628,0,1,False,0.37970576,0.5440575,0.07623679
1816,0,1,False,0.11170107,0.6613628,0.22693609
1738,2,1,False,0.32384,0.6420561,0.034103926
229,1,0,False,0.60317534,0.35341233,0.04341231
1001,0,0,True,0.85532546,0.105236605,0.039437868
824,0,0,True,0.79073685,0.09603505,0.1132281
191,1,0,False,0.46251956,0.43727288,0.100207515
1438,1,2,False,0.14334004,0.3356279,0.5210321
2037,0,0,True,0.7851003,0.1693855,0.045514274
2340,0,0,True,0.9694826,0.02287922,0.0076381806
1868,1,1,True,0.04277355,0.84295124,0.11427527
1097,1,1,True,0.043494787,0.9257613,0.03074389
797,1,1,True,0.09341584,0.85868657,0.047897562
2050,1,2,False,0.01674487,0.048078887,0.9351763
759,1,1,True,0.15316765,0.8121665,0.034665853
72,0,2,False,0.2463534,0.23856318,0.51508343
2125,0,0,True,0.95417863,0.036258332,0.00956308
267,1,1,True,0.03618738,0.93858343,0.025229229
2275,0,0,True,0.7328116,0.20314375,0.06404461
1289,0,0,True,0.86513674,0.12327827,0.011584958
1456,1,1,True,0.13304123,0.815436,0.051522765
2163,1,1,True,0.11873429,0.6873788,0.19388688
1103,2,2,True,0.004173016,0.033819564,0.96200734
2111,1,1,True,0.08921942,0.8608726,0.04990793
1696,1,1,True,0.34232557,0.6420295,0.015644906
675,0,1,False,0.09188025,0.534386,0.37373382
2085,1,1,True,0.11223155,0.7483745,0.13939396
2229,1,1,True,0.038333308,0.8614691,0.100197576
679,0,0,True,0.70037353,0.28263158,0.01699491
2253,1,1,True,0.08733588,0.88173676,0.030927334
1024,1,2,False,0.10142452,0.19637564,0.7021999
2176,1,1,True,0.069856904,0.9029815,0.027161555
97,2,0,False,0.74783766,0.14322633,0.10893602
2450,2,0,False,0.75081843,0.15473394,0.09444764
491,2,2,True,0.002089505,0.026116392,0.97179407
355,1,1,True,0.064630926,0.91952693,0.015842095
1084,2,2,True,0.033868045,0.16653304,0.7995989
1385,0,1,False,0.13791068,0.8232011,0.038888197
1391,2,2,True,0.13772686,0.4070359,0.4552372
1901,0,0,True,0.8496803,0.103367455,0.046952225
1004,1,1,True,0.19913611,0.41164747,0.38921642
2266,1,1,True,0.074655876,0.8134138,0.111930326
783,0,0,True,0.97438383,0.01701441,0.008601753
1553,1,1,True,0.052712515,0.9240242,0.023263285
2020,2,2,True,0.066916436,0.05384457,0.87923896
1851,0,0,True,0.9073539,0.079118565,0.013527541
1158,0,0,True,0.6339618,0.2009085,0.16512974
390,1,2,False,0.10525581,0.42517486,0.46956933
253,0,0,True,0.60901225,0.1946734,0.1963143
1019,0,1,False,0.41450816,0.54865575,0.03683609
1268,0,0,True,0.53844786,0.44895014,0.0126020145
1251,0,0,True,0.95416623,0.03396662,0.011867114
1141,0,0,True,0.979262,0.015003984,0.0057340343
1406,2,2,True,0.17603494,0.40154287,0.4224222
765,1,1,True,0.068707906,0.7685394,0.16275267
11,1,1,True,0.117125854,0.50332946,0.3795447
1218,1,1,True,0.22020975,0.7530836,0.026706696
1206,1,0,False,0.6822791,0.13012443,0.18759644
1873,1,1,True,0.21077526,0.4711784,0.31804627
332,1,2,False,0.076051444,0.31700426,0.60694426
730,0,0,True,0.91126895,0.07384965,0.014881357
346,1,1,True,0.060208272,0.85998654,0.079805136
2010,1,0,False,0.42538944,0.37223503,0.20237556
1266,0,0,True,0.5212245,0.45867124,0.020104265
1761,1,1,True,0.09120273,0.810119,0.09867827
435,1,1,True,0.08704155,0.6721955,0.24076293
1625,0,0,True,0.77862346,0.20160873,0.019767854
1359,0,1,False,0.22424743,0.41566074,0.36009184
2193,0,0,True,0.9082324,0.03807104,0.053696554
997,2,2,True,0.106852174,0.1902855,0.7028623
2074,0,0,True,0.95534575,0.04130911,0.0033451172
420,0,1,False,0.41019103,0.55213606,0.037672907
126,1,1,True,0.10211357,0.7447935,0.15309297
1403,1,1,True,0.031202385,0.88080907,0.08798859
185,0,0,True,0.81092644,0.16810054,0.020973032
1791,2,2,True,0.13695005,0.28546652,0.57758343
1917,1,1,True,0.18686615,0.76704127,0.046092555
1476,1,0,False,0.47550148,0.36925107,0.1552474
209,1,1,True,0.06604961,0.7723706,0.1615798
2485,0,0,True,0.6215394,0.31600833,0.06245229
8,0,0,True,0.78350073,0.060656145,0.15584306
1571,1,1,True,0.011851076,0.86174643,0.12640244
1077,0,0,True,0.74300945,0.20946689,0.047523644
1508,0,0,True,0.8005783,0.16521168,0.0342101
1954,1,2,False,0.26495785,0.26952887,0.46551335
1050,0,1,False,0.21154696,0.44496092,0.34349215
2263,1,2,False,0.044739902,0.14131925,0.8139409
1920,0,0,True,0.71170884,0.2017947,0.0864965
1589,0,0,True,0.85968655,0.101633094,0.03868034
29,1,1,True,0.104813725,0.8072849,0.08790138
1947,1,1,True,0.040573858,0.9273918,0.032034244
1002,0,0,True,0.82247055,0.086791694,0.09073779
2372,2,2,True,0.023301365,0.3285449,0.6481537
2262,1,1,True,0.4072207,0.5336683,0.059111014
2324,1,1,True,0.23265943,0.71873665,0.048603926
847,1,2,False,0.033851136,0.33721888,0.62893
2030,0,0,True,0.58125144,0.40957594,0.009172584
41,1,0,False,0.85408485,0.12843499,0.017480198
673,1,1,True,0.046076704,0.6907964,0.2631269
10,1,1,True,0.038528375,0.9305398,0.030931853
242,0,0,True,0.93719757,0.036680013,0.02612246
761,0,0,True,0.9316486,0.030205233,0.038146187
69,1,1,True,0.20958665,0.49789578,0.29251754
566,0,0,True,0.92211396,0.048094958,0.029791072
1864,1,1,True,0.09523678,0.89061594,0.014147275
1722,2,1,False,0.13979973,0.83992547,0.020274762
415,0,0,True,0.6704313,0.28925416,0.04031459
2095,0,0,True,0.8365041,0.12768328,0.035812613
1315,0,0,True,0.82984513,0.16144148,0.008713413
1202,1,1,True,0.1455053,0.5679237,0.28657097
2156,0,0,True,0.9860719,0.012147007,0.0017811209
1540,2,2,True,0.01945287,0.08612291,0.8944242
143,0,0,True,0.5191856,0.25599438,0.22482006
2039,0,0,True,0.9105948,0.08050599,0.008899234
1849,1,0,False,0.4492973,0.15806764,0.3926351
2481,2,2,True,0.09381656,0.19633771,0.7098457
2144,0,0,True,0.94732314,0.044500556,0.008176286
2116,1,2,False,0.049427167,0.37526816,0.5753047
1285,1,1,True,0.08721327,0.85700935,0.05577739
1316,0,1,False,0.098698884,0.5520117,0.3492894
556,1,1,True,0.11136979,0.8520927,0.036537476
284,1,1,True,0.20458497,0.77767366,0.01774136
539,0,0,True,0.8797297,0.092080586,0.028189737
1419,2,2,True,0.021933641,0.04209755,0.93596876
1304,1,2,False,0.09612398,0.23584402,0.668032
2240,0,0,True,0.9542585,0.038869794,0.006871735
1336,0,0,True,0.8983176,0.0582925,0.04338997
561,1,1,True,0.12658451,0.82948244,0.043933097
818,0,0,True,0.86267257,0.06664179,0.07068564
1056,2,2,True,0.002080061,0.016730146,0.98118985
404,2,1,False,0.044422846,0.5420963,0.4134808
1351,1,1,True,0.057953686,0.88007414,0.06197221
1275,1,1,True,0.060881447,0.9110551,0.0280635
1504,1,1,True,0.22308351,0.67676556,0.10015092
1893,1,1,True,0.031814713,0.942353,0.02583227
294,0,0,True,0.9346457,0.054939575,0.010414746
201,0,0,True,0.74351734,0.18756327,0.06891938
139,1,2,False,0.007095758,0.079496674,0.91340756
897,0,0,True,0.82636404,0.15123849,0.022397477
414,1,0,False,0.37551916,0.36276105,0.2617198
386,1,1,True,0.06480614,0.8944312,0.040762696
316,2,1,False,0.30621085,0.43345502,0.2603341
1675,1,2,False,0.1355817,0.31224558,0.5521727
1416,1,2,False,0.12059626,0.15573628,0.7236675
528,0,1,False,0.17216276,0.60406995,0.22376736
2317,1,1,True,0.03488995,0.771296,0.193814
1830,1,0,False,0.56807375,0.29379442,0.13813184
625,2,2,True,0.003767625,0.091340594,0.9048917
1517,0,0,True,0.59023166,0.32323813,0.086530164
1433,0,2,False,0.19325991,0.055469383,0.75127065
227,0,0,True,0.7355402,0.24910067,0.015359102
2053,0,0,True,0.9605085,0.016364444,0.02312706
770,1,1,True,0.052494,0.7146159,0.23289014
53,2,2,True,0.009189657,0.29282463,0.6979857
2319,0,0,True,0.954238,0.031786907,0.013975137
646,1,1,True,0.32225093,0.6439335,0.033815574
1339,2,2,True,0.0008708739,0.005964474,0.9931646
1937,1,1,True,0.3552694,0.627164,0.017566592
1260,0,0,True,0.44935858,0.2059453,0.34469613
2022,1,1,True,0.19826181,0.76043797,0.041300237
2348,1,2,False,0.1077958,0.27083123,0.62137294
547,1,2,False,0.006705941,0.113167055,0.88012695
1617,1,1,True,0.017197331,0.96390224,0.01890044
2166,0,0,True,0.5028355,0.47549102,0.02167347
732,2,1,False,0.013984938,0.63738143,0.3486336
1812,1,1,True,0.27872512,0.6975406,0.023734294
1414,2,2,True,0.01796249,0.21583033,0.7662072
1345,0,0,True,0.7830481,0.12611343,0.09083846
1036,1,0,False,0.9246767,0.05071283,0.024610482
966,1,1,True,0.026869105,0.7319841,0.24114676
1891,1,1,True,0.2435538,0.71162695,0.044819202
705,1,1,True,0.10807159,0.8833064,0.008622021
1559,2,2,True,0.0020703631,0.011957553,0.98597205
2311,1,0,False,0.60626173,0.3160635,0.077674784
1112,2,1,False,0.23968735,0.48101214,0.27930057
2245,1,1,True,0.039942734,0.91490144,0.045155782
871,2,2,True,0.0084903445,0.08070936,0.9108003
1334,1,0,False,0.68563306,0.3100698,0.0042971624
2034,1,0,False,0.7736736,0.20643735,0.019888999
592,2,2,True,0.017790105,0.089129895,0.89308006
418,2,2,True,0.18812685,0.3311381,0.4807351
829,0,0,True,0.9061139,0.044035606,0.04985048
486,0,0,True,0.9452844,0.03697275,0.017742788
347,1,0,False,0.84192497,0.1335836,0.024491439
1885,1,1,True,0.029248407,0.9662882,0.0044634053
2165,2,2,True,0.0744289,0.14912122,0.77644986
2277,1,2,False,0.10670566,0.44177598,0.45151842
2108,1,1,True,0.03812824,0.9128664,0.049005296
1492,0,0,True,0.9296215,0.063223824,0.0071546645
2322,0,1,False,0.23746206,0.74434173,0.018196147
938,2,2,True,0.004517073,0.06988524,0.9255977
1011,1,0,False,0.43547535,0.36149263,0.20303196
1570,0,0,True,0.942106,0.02693377,0.030960275
2172,0,0,True,0.92725337,0.032635137,0.04011151
1889,2,1,False,0.011496241,0.7764027,0.21210106
1033,0,0,True,0.84220934,0.14131016,0.016480511
231,0,1,False,0.43199158,0.45524558,0.11276285
978,2,2,True,0.13190372,0.20781827,0.660278
585,1,1,True,0.3858802,0.5964904,0.017629422
168,0,0,True,0.93685853,0.0471868,0.015954666
655,0,0,True,0.5142697,0.23569505,0.25003523
1254,1,1,True,0.08444212,0.5985159,0.317042
1912,1,1,True,0.06951591,0.78471464,0.14576946
621,1,1,True,0.00916686,0.98027074,0.010562412
1352,2,2,True,0.0065314015,0.050738532,0.94273007
31,0,0,True,0.89023095,0.088172354,0.021596713
1863,1,1,True,0.3441604,0.45248196,0.20335764
1532,0,0,True,0.78934926,0.1725899,0.038060874
1692,1,1,True,0.09736165,0.87577534,0.026863018
115,0,0,True,0.8849746,0.06619452,0.048830833
1447,1,1,True,0.41085353,0.46769717,0.12144933
2346,1,1,True,0.24315263,0.7065767,0.050270684
1993,0,0,True,0.97132146,0.018773943,0.009904568
205,0,0,True,0.911841,0.07124249,0.016916523
329,0,0,True,0.83305275,0.13486704,0.032080203
430,1,0,False,0.5969415,0.19005553,0.21300302
973,0,0,True,0.8675355,0.08929525,0.043169305
894,1,1,True,0.37752208,0.5789384,0.04353949
952,1,1,True,0.45421922,0.45895013,0.0868306
611,1,1,True,0.046674963,0.8210457,0.13227935
2065,1,1,True,0.13926351,0.78138006,0.07935645
2295,0,1,False,0.17775089,0.59854305,0.22370613
1349,2,2,True,0.0011721158,0.023265965,0.9755619
2268,1,1,True,0.118717015,0.8380581,0.043224882
1397,0,0,True,0.9091375,0.0589045,0.03195796
1231,0,0,True,0.8988626,0.08323202,0.017905455
2217,0,1,False,0.036450524,0.9415935,0.021955881
320,1,2,False,0.25693646,0.2822133,0.46085024
342,1,0,False,0.84958357,0.117081866,0.033334594
527,2,0,False,0.9694614,0.028902333,0.0016362189
1956,1,2,False,0.29288954,0.34329152,0.363819
1795,0,0,True,0.80129457,0.17436594,0.024339486
1614,1,1,True,0.018779922,0.8963002,0.08491986
1119,0,0,True,0.8687291,0.09746317,0.03380771
575,0,1,False,0.0586397,0.79535884,0.14600147
1842,0,0,True,0.9142326,0.037784554,0.04798281
2325,0,0,True,0.48954996,0.47425392,0.036196154
2107,2,1,False,0.010658652,0.5335958,0.45574558
1507,1,2,False,0.20864575,0.34054565,0.4508086
620,2,2,True,0.022685008,0.171246,0.806069
2455,1,1,True,0.21071917,0.6888183,0.100462586
369,2,1,False,0.25035256,0.6489868,0.1006606
1324,1,1,True,0.08045095,0.8625398,0.05700916
1924,1,1,True,0.41175795,0.5544963,0.033745777
2382,2,1,False,0.0076205363,0.7437145,0.24866499
1624,1,2,False,0.02581045,0.46549886,0.5086907
224,1,1,True,0.030338714,0.9651316,0.004529757
1845,0,0,True,0.4701131,0.2445705,0.28531635
1475,2,2,True,0.12061214,0.43178752,0.4476003
261,1,1,True,0.092668384,0.67534286,0.23198879
2209,1,1,True,0.30133727,0.67429453,0.024368193
921,0,0,True,0.54124,0.19396935,0.2647907
100,0,0,True,0.84177804,0.02336577,0.13485613
1230,0,1,False,0.1175926,0.8484736,0.033933803
1068,1,1,True,0.27469027,0.61597955,0.10933013
451,2,1,False,0.0144597655,0.7782974,0.20724276
1839,0,0,True,0.8605486,0.12678997,0.012661428
782,1,1,True,0.13061428,0.8494398,0.019945942
2355,2,2,True,0.0005334062,0.013412293,0.98605424
2394,2,1,False,0.10424621,0.69359994,0.20215383
213,0,0,True,0.49052554,0.2833595,0.22611496
2098,0,1,False,0.36533266,0.611091,0.02357628
961,1,1,True,0.04310957,0.93358445,0.023306046
2162,1,1,True,0.023091357,0.82436013,0.15254845
1545,1,1,True,0.41157424,0.57073677,0.017688949
2257,1,1,True,0.026687268,0.92739546,0.04591726
544,0,0,True,0.8802363,0.10260219,0.017161544
235,0,0,True,0.9185729,0.06377381,0.017653266
742,2,2,True,0.008248092,0.22925463,0.76249725
348,0,0,True,0.87509835,0.08630918,0.038592428
858,1,1,True,0.04861396,0.87600946,0.07537654
499,1,0,False,0.6289499,0.344581,0.026469117
1179,1,1,True,0.08224634,0.8724133,0.045340363
252,0,0,True,0.8434488,0.06922043,0.08733076
1486,2,2,True,0.049675036,0.46607134,0.48425367
920,1,1,True,0.040074326,0.94967073,0.010254864
90,0,0,True,0.96503353,0.023022825,0.011943628
689,1,1,True,0.23127793,0.4764067,0.29231542
1086,2,2,True,0.1384582,0.17691493,0.6846268
2273,1,1,True,0.042460766,0.85481757,0.10272167
2216,1,1,True,0.14729533,0.80401856,0.048686065
33,0,0,True,0.5197963,0.1350677,0.345136
1509,0,0,True,0.5350125,0.44718868,0.017798891
1877,1,0,False,0.6961828,0.24720109,0.0566161
1862,1,2,False,0.20395242,0.17649937,0.6195482
428,0,0,True,0.8980594,0.08904329,0.012897298
977,1,1,True,0.19366916,0.76524514,0.041085713
2279,2,2,True,0.008126622,0.39943948,0.5924339
492,1,1,True,0.027054533,0.91442865,0.058516786
2456,1,1,True,0.06856659,0.80028903,0.13114439
59,1,1,True,0.046093963,0.64209735,0.31180862
218,2,2,True,0.007672902,0.062198926,0.93012816
521,0,1,False,0.17142832,0.8047759,0.02379579
1455,1,1,True,0.20224681,0.67156935,0.1261838
530,1,1,True,0.42066294,0.5401372,0.039199863
1779,2,2,True,0.11654215,0.3065595,0.57689834
714,0,0,True,0.8276709,0.16547298,0.0068561113
273,2,1,False,0.18301952,0.79828167,0.018698787
477,1,1,True,0.04125864,0.9474266,0.011314706
1985,2,1,False,0.08841873,0.56578505,0.3457962
1802,0,0,True,0.9552597,0.03229335,0.012447022
2096,1,1,True,0.022238439,0.7438814,0.23388015
1365,2,1,False,0.021147216,0.8592943,0.11955853
1380,2,1,False,0.080939755,0.87783843,0.04122188
12,2,2,True,0.0018108896,0.060822587,0.9373665
607,2,2,True,0.019219693,0.21228705,0.76849324
1533,2,2,True,0.0075875036,0.28901917,0.70339334
1337,1,1,True,0.17301203,0.7392361,0.08775184
744,1,1,True,0.10211211,0.53777796,0.3601099
1973,0,1,False,0.16919109,0.74344903,0.08735989
1663,2,2,True,0.006499958,0.078401476,0.91509855
1935,1,1,True,0.13111292,0.8261275,0.042759553
873,0,0,True,0.6935072,0.280081,0.026411816
660,0,0,True,0.9032172,0.08650405,0.010278755
23,1,1,True,0.111010745,0.75384957,0.1351397
399,0,0,True,0.91115195,0.07076728,0.018080717
1992,0,0,True,0.9300535,0.057699706,0.012246863
1469,2,2,True,0.0026566866,0.44178942,0.5555539
2376,1,1,True,0.004946911,0.96651435,0.02853875
2402,1,1,True,0.20484889,0.7429951,0.052155964
901,0,1,False,0.009242157,0.8812211,0.1095367
1362,0,1,False,0.3697478,0.61254984,0.01770235
724,0,0,True,0.9611151,0.03228724,0.0065976228
1671,1,0,False,0.9054439,0.07241665,0.02213949
2070,0,0,True,0.71282816,0.26164475,0.025527125
335,1,1,True,0.049620382,0.80162287,0.14875674
1749,0,0,True,0.5569896,0.40074077,0.042269614
2158,1,1,True,0.07217108,0.67845184,0.2493771
2204,0,0,True,0.78800935,0.19567087,0.016319713
2033,0,2,False,0.12585299,0.43587264,0.43827435
2143,1,1,True,0.05358526,0.86837,0.078044705
2424,1,1,True,0.09602831,0.65869415,0.24527752
1101,0,1,False,0.37057272,0.58721673,0.042210527
1480,2,2,True,0.0030049211,0.058854975,0.93814015
1214,0,0,True,0.89175147,0.08543024,0.022818236
360,2,2,True,0.023385031,0.24574238,0.7308726
1518,0,0,True,0.49170324,0.08854365,0.41975313
654,0,0,True,0.8621413,0.10316399,0.034694724
2174,2,0,False,0.825058,0.08970184,0.08524017
2477,2,2,True,0.017911674,0.40138507,0.58070326
517,2,2,True,0.023572719,0.065718785,0.9107085
